OPEN,HIGH,LOW,CLOSE,UPDOWN
12.007492447129907,12.383806646525672,11.676888217522661,12.050876132930515,1.0
