OPEN,HIGH,LOW,CLOSE,UPDOWN
10.833333333333334,11.406666666666666,10.833333333333334,11.406666666666666,0.0
16.804,16.804,16.804,16.804,1.0
24.567999999999998,25.478,24.094,24.637999999999998,1.0
25.552500000000002,27.847499999999997,25.292499999999997,27.14,1.0
29.46,30.862000000000002,28.528,29.901999999999997,-1.0
29.76,30.448,28.565999999999995,29.582,-1.0
26.53,27.113999999999997,25.744,26.462,1.0
26.6425,27.2825,26.307499999999997,26.872500000000002,-1.0
23.65,24.073999999999998,22.884,23.244,1.0
