OPEN,HIGH,LOW,CLOSE,UPDOWN
22.736,23.922500000000003,22.098000000000003,22.988500000000005,-1.0
14.359600000000006,14.7804,13.772800000000002,14.183599999999998,1.0
13.661999999999999,13.900571428571423,13.442,13.669428571428572,-1.0
13.015789473684212,13.235263157894739,12.760526315789473,13.00789473684211,-1.0
