OPEN,HIGH,LOW,CLOSE,UPDOWN
26.57020408163265,27.736530612244902,25.64142857142857,26.73448979591837,1.0
18.935555555555553,19.49055555555556,18.561111111111114,19.001111111111115,1.0
23.027213114754094,23.683442622950825,22.657049180327867,23.152459016393447,-1.0
19.220399999999998,19.6436,18.6828,19.0604,1.0
18.088,18.444857142857146,17.79828571428571,18.170285714285715,-1.0
19.26263157894737,19.448947368421056,18.995263157894733,19.178947368421053,-1.0
