OPEN,HIGH,LOW,CLOSE,UPDOWN
11.655000000000001,11.911666666666667,11.655000000000001,11.911666666666667,1.0
17.450576923076916,18.597307692307695,16.765576923076924,17.634230769230772,1.0
15.684999999999999,16.29611111111111,15.253333333333334,15.742222222222223,1.0
18.48737704918033,19.01622950819673,18.09049180327869,18.57081967213115,-1.0
13.7332,14.041199999999998,13.273600000000002,13.605599999999999,1.0
13.113428571428573,13.412571428571432,12.862,13.157714285714283,1.0
14.054210526315789,14.308947368421055,13.800526315789472,14.093157894736844,-1.0
