OPEN,HIGH,LOW,CLOSE,UPDOWN
20.400000000000002,20.6575,20.2275,20.363125,1.0
22.504038461538467,23.933076923076914,21.547884615384614,22.702884615384615,1.0
18.11666666666667,18.999444444444446,17.665555555555557,18.30833333333333,1.0
28.82377049180328,30.208524590163936,28.032950819672134,29.215737704918034,-1.0
30.8488,32.27440000000001,29.616399999999995,30.77519999999999,1.0
30.51971428571428,31.907999999999998,29.75457142857143,30.88485714285715,1.0
32.778421052631586,33.74421052631579,31.983684210526313,32.88473684210526,1.0
