OPEN,HIGH,LOW,CLOSE,UPDOWN
50.87333333333333,51.81666666666667,50.222121212121195,50.85242424242425,1.0
61.79086092715239,63.15695364238418,60.84920529801332,62.32993377483453,1.0
42.066162790697675,43.22918604651161,41.04360465116279,42.19023255813954,1.0
