OPEN,HIGH,LOW,CLOSE,UPDOWN
6.4350000000000005,6.4350000000000005,6.4350000000000005,6.4350000000000005,0.0
8.6,8.6,8.6,8.6,0.0
13.27,13.27,13.27,13.27,0.0
21.382,21.382,21.382,21.382,1.0
29.636000000000003,31.136000000000003,28.802,30.056,1.0
28.7,29.557499999999997,28.0625,28.7175,-1.0
24.338,24.824,23.36,23.933999999999997,1.0
