OPEN,HIGH,LOW,CLOSE,UPDOWN
23.683636363636364,23.90181818181818,23.05181818181818,23.90181818181818,1.0
38.05444444444444,40.11388888888889,36.53444444444445,38.50555555555556,1.0
52.89028571428572,55.855428571428575,50.514,53.277714285714296,-1.0
29.640000000000008,31.021730769230775,28.32980769230769,29.450384615384614,1.0
22.33833333333333,23.28111111111111,21.821666666666665,22.607222222222227,1.0
32.75262295081967,33.895409836065575,31.88606557377048,33.03344262295082,-1.0
26.989200000000004,27.793200000000002,25.925199999999997,26.689600000000006,1.0
26.816,27.52400000000001,26.14457142857144,26.874285714285712,-1.0
27.665263157894735,27.97947368421053,27.12105263157895,27.564210526315787,-1.0
