OPEN,HIGH,LOW,CLOSE,UPDOWN
24.993636363636366,25.171818181818182,24.574545454545454,24.936363636363637,1.0
26.805,27.22888888888889,26.388333333333335,26.866111111111117,-1.0
37.29914285714286,38.675714285714285,35.528,37.08142857142856,-1.0
27.929615384615392,28.964038461538454,26.838269230769225,27.805192307692305,1.0
17.840555555555554,18.479444444444443,17.379444444444445,17.936666666666667,1.0
23.647377049180324,24.405573770491802,23.110819672131143,23.82606557377048,-1.0
18.903999999999996,19.434400000000004,18.183600000000002,18.7316,1.0
18.08628571428572,18.531142857142857,17.747142857142858,18.185714285714283,-1.0
19.841578947368422,20.208421052631582,19.462631578947367,19.833684210526314,1.0
