OPEN,HIGH,LOW,CLOSE,UPDOWN
29.321818181818184,30.30181818181819,28.997272727272726,29.971818181818186,1.0
35.284444444444446,36.35499999999999,34.409444444444446,35.431666666666665,1.0
56.784285714285716,59.803714285714285,54.277142857142856,57.31028571428572,1.0
52.10038461538458,53.882884615384576,50.20019230769227,52.285576923076874,0.0
46.74,46.74,46.74,46.74,1.0
55.18131147540985,56.62606557377048,54.03409836065573,55.50081967213115,-1.0
42.1128,43.33,40.33479999999999,41.597199999999994,1.0
37.686000000000014,38.765142857142855,36.778285714285715,37.870000000000005,1.0
42.04842105263158,43.031052631578945,41.180526315789464,42.19473684210528,1.0
