OPEN,HIGH,LOW,CLOSE,UPDOWN
24.701538461538462,25.333076923076916,24.379615384615388,24.926923076923078,1.0
22.81826923076923,24.135192307692304,21.802884615384603,22.96288461538461,1.0
22.39777777777778,22.968333333333334,22.318333333333335,22.65722222222222,1.0
27.3444262295082,28.118688524590173,26.803278688524586,27.496721311475415,-1.0
23.0368,23.8352,22.033199999999997,22.762000000000004,1.0
19.877714285714287,20.427142857142858,19.38485714285715,19.91857142857143,-1.0
20.93578947368421,21.283684210526317,20.441052631578952,20.861052631578943,-1.0
