OPEN,HIGH,LOW,CLOSE,UPDOWN
13.278461538461537,13.682692307692308,12.931153846153848,13.287307692307694,1.0
