OPEN,HIGH,LOW,CLOSE,UPDOWN
30.24247899159664,31.488025210084032,29.193025210084034,30.412815126050415,1.0
