OPEN,HIGH,LOW,CLOSE,UPDOWN
25.123749999999998,25.338124999999998,24.863125,25.068125,1.0
24.12480769230769,25.613269230769227,23.071923076923074,24.241538461538465,1.0
22.785555555555558,23.945555555555558,22.255555555555553,23.271666666666665,1.0
33.87327868852459,35.37000000000001,32.940819672131155,34.30000000000001,-1.0
42.205600000000004,44.0816,39.67599999999999,41.794799999999995,-1.0
30.565428571428576,31.414000000000005,29.701999999999998,30.55914285714287,1.0
34.84947368421052,36.08999999999999,33.90473684210526,35.007368421052625,-1.0
