OPEN,HIGH,LOW,CLOSE,UPDOWN
11.466,11.466,11.466,11.466,-1.0
53.71114285714287,55.39771428571428,51.91428571428572,53.45714285714286,1.0
49.2998076923077,51.64153846153845,47.42365384615386,49.58480769230766,1.0
28.743333333333332,30.190000000000005,27.83666666666667,29.032222222222224,1.0
43.022459016393455,44.34081967213117,42.20622950819673,43.41344262295084,-1.0
41.91840000000001,43.64680000000001,39.935599999999994,41.606000000000016,1.0
46.14114285714282,47.31599999999996,45.27085714285711,46.48399999999996,0.0
46.62,46.62,46.62,46.62,0.0
