OPEN,HIGH,LOW,CLOSE,UPDOWN
18.942,18.942,18.942,18.942,-1.0
61.18771428571429,63.23657142857142,58.39371428571428,60.69742857142857,1.0
41.259230769230776,43.499807692307705,39.38307692307692,41.42057692307693,1.0
29.279999999999998,30.945000000000007,28.584999999999997,29.79111111111111,1.0
44.58344262295081,46.218032786885246,43.406393442622964,44.92868852459015,-1.0
34.869600000000005,35.982800000000005,33.4136,34.662,1.0
38.166000000000004,39.34771428571429,36.981142857142856,38.29257142857142,-1.0
40.43368421052631,41.129473684210524,39.598947368421044,40.36105263157894,-1.0
