OPEN,HIGH,LOW,CLOSE,UPDOWN
40.36,41.492,40.36,41.492,-1.0
74.14142857142856,77.47342857142856,70.73171428571429,73.93857142857142,-1.0
47.75692307692308,49.967500000000015,45.70673076923078,47.72903846153846,1.0
38.00777777777778,39.31,37.055555555555564,38.215,1.0
50.640819672131144,52.12770491803277,49.56868852459017,50.94278688524591,-1.0
39.5904,40.62960000000001,38.278800000000004,39.3192,1.0
39.58000000000001,40.03685714285715,39.22800000000001,39.706571428571436,1.0
41.10210526315789,41.870526315789476,40.427894736842106,41.20789473684211,1.0
