OPEN,HIGH,LOW,CLOSE,UPDOWN
28.074915966386538,29.054327731092428,27.381134453781506,28.21743697478991,1.0
