OPEN,HIGH,LOW,CLOSE,UPDOWN
49.07192307692307,50.27000000000001,48.01038461538461,48.902307692307694,1.0
