OPEN,HIGH,LOW,CLOSE,UPDOWN
33.56884615384615,34.37115384615384,32.613461538461536,33.598076923076924,-1.0
35.19307692307693,36.986153846153854,33.70538461538461,35.106538461538456,1.0
33.35166666666666,35.222777777777786,32.46611111111111,34.41777777777778,1.0
46.495573770491795,47.92163934426229,45.335081967213114,46.79655737704917,-1.0
41.436800000000005,42.71360000000001,39.5196,40.9444,1.0
39.105428571428575,39.998,38.17714285714286,39.17314285714286,-1.0
42.3757894736842,43.08736842105264,41.52842105263157,42.3078947368421,-1.0
