OPEN,HIGH,LOW,CLOSE,UPDOWN
14.200000000000001,14.200000000000001,14.200000000000001,14.200000000000001,0.0
21.88,21.88,21.791999999999998,21.88,1.0
26.2675,27.445,25.625,26.8125,1.0
27.836000000000002,29.541999999999994,27.226,28.590000000000003,1.0
29.395999999999997,30.826,28.592000000000002,29.872000000000003,-1.0
28.284,28.788,27.354000000000003,28.026,1.0
27.5575,28.107499999999998,27.0875,27.697499999999998,-1.0
25.062,25.380000000000003,24.12,24.54,-1.0
