OPEN,HIGH,LOW,CLOSE,UPDOWN
28.15878787878788,28.776363636363634,27.7130303030303,28.230000000000004,1.0
31.118940397350983,32.12735099337748,30.13966887417218,31.205761589403984,1.0
29.357209302325597,29.772906976744206,29.09744186046513,29.501162790697688,-1.0
