OPEN,HIGH,LOW,CLOSE,UPDOWN
46.639411764705876,47.41823529411765,45.77,46.52705882352941,-1.0
43.2516393442623,43.8539344262295,42.618032786885244,43.14442622950819,1.0
38.68906250000001,39.1025,38.3153125,38.697812500000005,1.0
49.63902255639096,50.89518796992478,48.39548872180452,49.75436090225564,1.0
30.526666666666667,31.63611111111112,29.778333333333332,30.80055555555556,1.0
40.66732558139534,41.782209302325576,39.71325581395351,40.831860465116286,1.0
