OPEN,HIGH,LOW,CLOSE,UPDOWN
71.56600840336131,73.33033613445372,70.47302521008393,72.17214285714282,1.0
