OPEN,HIGH,LOW,CLOSE,UPDOWN
15.23,16.54,15.23,16.54,0.0
23.28,23.28,23.28,23.28,1.0
27.724,28.669999999999998,26.918,27.814,-1.0
26.196000000000005,26.441999999999997,25.56,25.854000000000003,-1.0
25.565,25.814999999999998,25.2325,25.48,1.0
26.137999999999998,27.124000000000002,25.915999999999997,26.654000000000003,-1.0
25.718,25.998,24.942,25.302,1.0
25.536,26.168,25.168,25.826,1.0
27.622500000000002,29.3375,27.025,28.2,1.0
28.184000000000005,29.598000000000003,27.536,28.591999999999995,1.0
