OPEN,HIGH,LOW,CLOSE,UPDOWN
66.65576923076922,68.54769230769232,64.62307692307692,66.13692307692307,-1.0
48.74923076923077,50.61365384615384,46.762115384615385,48.40326923076923,1.0
35.32722222222222,36.53,34.60166666666667,35.705,1.0
34.993114754098364,36.0516393442623,34.160327868852455,35.22983606557378,-1.0
26.7088,27.4588,25.809199999999997,26.489999999999995,1.0
26.176285714285715,26.796000000000003,25.588571428571427,26.233428571428572,1.0
28.56421052631579,29.07368421052632,28.048421052631582,28.614210526315787,-1.0
