OPEN,HIGH,LOW,CLOSE,UPDOWN
25.484615384615388,25.971153846153847,24.982307692307693,25.579230769230772,1.0
33.29444444444445,34.49499999999999,32.59555555555556,33.621111111111105,-1.0
37.349714285714285,38.50342857142857,35.786285714285704,37.28857142857143,-1.0
17.97,18.798653846153847,17.152884615384618,17.923269230769236,1.0
13.504444444444443,14.046666666666669,13.129444444444447,13.606111111111112,1.0
17.813934426229505,18.292786885245896,17.347377049180327,17.860819672131143,-1.0
14.1932,14.553999999999998,13.645200000000003,14.026000000000003,1.0
13.046285714285714,13.344857142857139,12.75542857142857,13.08342857142857,-1.0
13.976315789473682,14.184736842105263,13.705789473684211,13.960526315789474,-1.0
