OPEN,HIGH,LOW,CLOSE,UPDOWN
46.840625,47.50125,46.56625,46.615625,1.0
51.70076923076923,54.145576923076945,50.134230769230776,52.12192307692309,1.0
39.497777777777785,41.47277777777778,38.394444444444446,39.839444444444446,1.0
29.843278688524595,30.932622950819674,29.02901639344262,30.123934426229507,-1.0
30.151999999999997,31.410000000000004,28.752399999999998,29.877600000000008,1.0
26.653999999999996,27.579428571428576,25.92314285714286,26.77514285714286,1.0
30.168421052631583,30.595263157894728,29.78894736842105,30.251578947368415,1.0
