OPEN,HIGH,LOW,CLOSE,UPDOWN
65.30873949579825,67.1827310924369,64.00928571428564,65.7521008403361,1.0
